Threshold	Precision	Recall	TPR	FPR	F1-measure
1.360000	0.837134	0.973485	0.973485	0.057870	0.900175
